;Llama 3 Instruct;Nous Hermes 2 Mistral DPO;Mistral Instruct;Mistral OpenOrca;GPT4All Falcon;Orca 2 (Medium)

array_1-1.c
array_1-2.c
array_2-1.c
array_2-1-simple.c
array_2-2.c
array_2-2-simple.c
array_3-1.c
array_3-2.c
array3.c
array_4.c
const_1-1.c
const_1-2.c
diamond_1-1.c
diamond_1-2.c
diamond_2-2.c
functions_1-1.c
functions_1-2.c
multivar_1-1.c
multivar_1-2.c
nested_1-1.c
nested_1-2.c
overflow_1-1.c
phases_1-1.c
phases_1-2.c
phases_2-1.c
phases_2-2.c
simple_1-1.c
simple_1-2.c
simple_2-1.c
simple_2-2.c
simple_3-1.c
simple_3-2.c
simple_4-1.c
simple_4-2.c
underapprox_1-1.c
underapprox_1-2.c
underapprox_2-1.c
underapprox_2-2.c

bin-suffix-5.c
const.c
eq1.c
eq2.c
even.c
linear-inequality-inv-a.c
linear-inequality-inv-b.c
mod4.c
odd.c

benchmark01_conjunctive.c
benchmark02_linear_abstracted.c
benchmark02_linear.c
benchmark03_linear.c
benchmark04_conjunctive.c
benchmark05_conjunctive.c
benchmark06_conjunctive.c
benchmark07_linear.c
benchmark08_conjunctive.c
benchmark09_conjunctive.c
benchmark10_conjunctive.c
benchmark11_linear_abstracted.c
benchmark11_linear.c
benchmark12_linear.c
benchmark13_conjunctive.c
benchmark14_linear.c
benchmark15_conjunctive.c
benchmark16_conjunctive.c
benchmark17_conjunctive.c
benchmark18_conjunctive.c
benchmark19_conjunctive.c
benchmark20_conjunctive.c
benchmark21_disjunctive.c
benchmark22_conjunctive.c
benchmark23_conjunctive.c
benchmark24_conjunctive.c
benchmark25_linear_abstracted.c
benchmark25_linear.c
benchmark26_linear_abstracted.c
benchmark26_linear.c
benchmark27_linear.c
benchmark28_linear.c
benchmark29_linear.c
benchmark30_conjunctive.c
benchmark31_disjunctive.c
benchmark32_linear.c
benchmark33_linear.c
benchmark34_conjunctive.c
benchmark35_linear.c
benchmark36_conjunctive.c
benchmark37_conjunctive.c
benchmark38_conjunctive.c
benchmark39_conjunctive.c
benchmark40_polynomial.c
benchmark41_conjunctive.c
benchmark42_conjunctive.c
benchmark43_conjunctive_abstracted.c
benchmark43_conjunctive.c
benchmark44_disjunctive.c
benchmark45_disjunctive.c
benchmark46_disjunctive.c
benchmark47_linear.c
benchmark48_linear.c
benchmark49_linear.c
benchmark50_linear.c
benchmark51_polynomial.c
benchmark52_polynomial.c
benchmark53_polynomial.c

array-1.c
array-2.c
bubble_sort-1.c
bubble_sort-2.c
compact.c
count_up_down-1.c
count_up_down-2.c
eureka_01-2.c
eureka_05.c
for_bounded_loop1.c
for_infinite_loop_1.c
for_infinite_loop_2.c
heavy-1.c
heavy-2.c
insertion_sort-1-2.c
insertion_sort-1.c
insertion_sort-2-2.c
insertion_sort-2.c
invert_string-1.c
invert_string-2.c
invert_string-3.c
linear_sea.ch.c
linear_search.c
lu.cmp.c
ludcmp.c
matrix-1.c
matrix-2-2.c
matrix-2.c
n.c11.c
n.c24.c
n.c40.c
nec11.c
nec20.c
nec40.c
string-1.c
string-2.c
sum01-1.c
sum01-2.c
sum01_bug02.c
sum01_bug02_sum01_bug02_base.case.c
sum03-1.c
sum03-2.c
sum04-1.c
sum04-2.c
sum_array-1.c
sum_array-2-1.c
sum_array-2-2.c
sum_array-2.c
terminator_01.c
terminator_02-1.c
terminator_02-2_abstracted.c
terminator_02-2.c
terminator_03-1.c
terminator_03-2_abstracted.c
terminator_03-2.c
trex01-1.c
trex01-2.c
trex02-1.c
trex02-2.c
trex03-1.c
trex03-2_abstracted.c
trex03-2.c
trex04_abstracted.c
trex04.c
veris.c_NetBSD-libc_loop.c
veris.c_OpenSER_cases1_stripFullBoth_arr.c
veris.c_sendmail_tTflag_arr_one_loop.c
verisec_NetBSD-libc_loop.c
verisec_OpenSER_cases1_stripFullBoth_arr.c
vogal-1.c
vogal-2.c
while_infinite_loop_1.c
while_infinite_loop_2.c
while_infinite_loop_3.c
while_infinite_loop_4.c

discover_list.c
iftelse.c
in-de20.c
in-de31.c
in-de32.c
in-de41.c
in-de42.c
in-de51.c
in-de52.c
in-de61.c
in-de62.c
loopv1.c
loopv2.c
loopv3.c
Mono1_1-1.c
Mono1_1-2.c
Mono3_1.c
Mono4_1.c
Mono5_1.c
Mono6_1.c
mono-crafted_10.c
mono-crafted_11.c
mono-crafted_12.c
mono-crafted_13.c
mono-crafted_14.c
mono-crafted_1.c
mono-crafted_3.c
mono-crafted_6.c
mono-crafted_7.c
mono-crafted_8.c
mono-crafted_9.c
nested3-1_abstracted.c
nested3-1.c
nested3-2_abstracted.c
nested3-2.c
nested5-1.c
nested5-2.c
nested_delay_nd.c
nested_delay_notd2.c
net_reset.c
sum_by_3_abstracted.c
sum_by_3.c
sum_natnum.c
sumt2.c
sumt3.c
sumt4.c
sumt5.c
sumt6.c
sumt7.c
sumt8.c
sumt9.c
theatreSquare.c
vnew1.c
vnew2.c
watermelon.c